area,bedrooms,bathrooms,year_built,location,property_type,parking_spaces,amenities_score,price
1360,2,1,2011,Urban,Condo,3,3,617428.7534976981
4272,3,3,1982,Urban,Apartment,0,6,1348027.3086092344
3592,1,2,1982,Suburban,Villa,2,4,684389.9014031631
966,1,2,2007,Suburban,Apartment,1,3,270055.99615017936
4926,2,1,2023,Urban,House,1,9,1499966.2446513718
3944,5,3,1994,Rural,Apartment,0,10,793624.4879973426
3671,1,2,2020,Urban,Apartment,0,2,1154130.4228153354
3419,1,1,2002,Urban,Condo,2,1,949057.8734412949
630,3,3,2019,Rural,Apartment,3,2,363771.22359465243
2185,4,2,1990,Rural,Villa,0,7,432010.5650002559
1269,2,2,2011,Rural,Condo,3,10,412120.2898195341
2891,2,3,2015,Rural,Apartment,2,1,597690.6831237685
2933,5,3,2012,Urban,House,3,6,1302705.4617463548
1684,5,3,2003,Urban,Apartment,1,7,952039.2713131434
3885,2,3,2018,Suburban,Apartment,3,9,1097567.6763303466
4617,5,1,2013,Urban,Apartment,2,8,1569600.0659263884
3404,3,3,2007,Rural,Condo,2,6,665128.1757061657
974,2,2,2016,Suburban,Villa,2,3,441918.60691378405
1582,5,2,1986,Rural,House,3,8,561439.3206590328
3058,2,1,1983,Urban,Apartment,1,7,882580.3778744648
2547,4,2,2016,Suburban,Villa,0,3,818596.4273031753
3247,1,2,1980,Rural,Villa,1,9,485661.7359003974
1475,2,3,1980,Suburban,Condo,3,2,513487.9720891122
2306,1,2,1999,Suburban,House,3,3,580177.0772104051
689,5,1,1998,Urban,Condo,0,2,552698.6493472604
3234,1,3,2008,Rural,Villa,3,1,565291.7914544224
3505,2,3,1989,Suburban,Villa,2,4,815167.1933471096
2399,4,1,1997,Suburban,Villa,2,5,803738.77103353
1767,5,3,2007,Rural,Condo,2,6,526916.1306525989
2028,2,3,2014,Suburban,House,2,5,651150.1652686925
3702,5,1,2022,Suburban,Apartment,2,1,1019659.5944164989
4056,3,3,2010,Suburban,Condo,3,3,1104990.0139049122
4390,1,1,2006,Rural,Villa,0,1,568168.9155548239
1146,3,1,1990,Rural,Condo,0,5,284060.3592770843
3388,2,2,2017,Rural,Villa,2,5,613271.039215924
2935,4,2,1984,Rural,Apartment,3,6,621029.2322675089
1100,5,3,1987,Urban,Apartment,1,8,932314.2058076529
2863,1,3,2013,Suburban,House,1,10,800524.5878665926
2561,5,1,1991,Rural,Villa,3,1,496191.3306713713
741,2,3,2017,Suburban,House,2,4,337189.3333830883
2541,5,1,1980,Suburban,House,0,10,745614.1600904707
3324,1,1,2010,Urban,Apartment,3,1,989667.4325376456
3112,2,3,1983,Rural,Condo,1,9,582236.2253386554
1863,5,1,1984,Rural,Condo,1,7,386460.69767425035
1978,4,2,2009,Suburban,House,1,7,860850.622049961
3056,2,3,2003,Rural,Apartment,2,5,571858.2238830754
1275,2,2,1982,Suburban,Villa,1,7,449315.83599401696
4514,4,3,1990,Suburban,Condo,3,2,1284731.258996804
534,3,1,1983,Urban,House,3,4,501122.78604141064
3652,1,3,2005,Urban,Condo,1,7,1145756.873791608
2455,3,2,2006,Urban,Condo,3,3,986835.6970413128
2085,5,1,2022,Suburban,Villa,1,2,798239.2548085434
4443,4,3,2006,Rural,Apartment,1,10,818711.6434143992
3573,3,3,2021,Urban,Villa,0,2,1196264.6448772098
1521,2,3,1985,Rural,Apartment,2,1,339236.0247037356
3961,5,2,1994,Urban,Condo,2,5,1391885.8702810793
3113,5,2,2009,Urban,House,0,6,1159154.0245142223
4343,3,3,2021,Suburban,Villa,0,6,1118833.4799345667
2000,3,1,2016,Urban,Apartment,2,9,838603.369604704
661,4,1,2016,Urban,Condo,1,4,559943.6285436115
4797,1,2,2021,Suburban,Apartment,1,1,932837.1423996743
2481,3,1,2016,Rural,Apartment,2,6,524371.9255253774
1495,3,2,2014,Urban,Apartment,1,5,641811.2752215918
3842,2,3,2002,Suburban,Condo,0,10,964186.3470003498
4298,5,2,1985,Urban,House,1,6,1457255.0537240424
1775,1,2,1983,Suburban,House,1,3,450257.3355756265
1516,2,3,1997,Rural,House,3,2,386737.96044417506
837,4,1,1988,Rural,Apartment,3,6,337226.69572369405
1378,4,2,2008,Suburban,Condo,3,1,547276.3342376254
1576,3,2,1992,Suburban,Apartment,1,7,613510.4177433379
4493,3,3,1996,Suburban,House,2,7,1104319.9317747445
879,4,1,2011,Rural,House,0,10,401808.79102271626
992,3,2,2001,Urban,Condo,1,7,632585.2378740853
2562,1,3,1983,Rural,Apartment,2,10,532185.0757369769
4384,3,2,1984,Suburban,Villa,1,1,979963.4242008148
564,5,3,2016,Suburban,Villa,0,4,494981.794639449
3068,3,1,2020,Rural,House,1,7,511527.3737920375
2527,2,1,1992,Suburban,Condo,0,9,580581.0332713537
3195,1,1,2013,Rural,Apartment,1,5,402361.2625696494
1995,2,1,2001,Suburban,Apartment,0,2,528600.1458468282
891,2,2,2002,Urban,House,1,7,559845.8476516199
4974,5,2,1982,Urban,House,0,10,1632834.9962628423
4061,1,1,2021,Suburban,Apartment,3,1,899727.9543963361
2778,1,1,2013,Rural,Apartment,1,7,553207.9718231256
3599,1,1,2011,Urban,House,1,6,1002867.5758517996
700,1,2,2000,Rural,Apartment,2,7,231045.84040719466
3604,1,1,2023,Suburban,Villa,2,10,905527.424333544
2954,5,1,2000,Rural,House,0,3,545564.5966768276
4145,3,1,2023,Urban,Apartment,1,3,1303173.7244915548
1304,2,3,1990,Rural,House,0,7,276805.1655397739
3231,1,1,2018,Rural,Condo,3,2,469491.108674268
3273,3,3,1983,Suburban,House,2,1,870413.4692704678
2070,3,3,1980,Suburban,House,0,9,635719.581671883
3190,2,1,2007,Suburban,Condo,0,9,801674.101403759
4340,5,3,2003,Urban,Villa,2,7,1568433.5940118236
1528,4,1,2014,Urban,Apartment,1,7,790222.4350886676
1002,4,2,1992,Suburban,Condo,0,3,415495.5440766688
4993,3,2,2013,Suburban,House,2,10,1257910.5623625454
1370,2,2,1990,Urban,Apartment,1,2,462263.3939094858
4988,4,2,2015,Urban,Condo,3,7,1719466.5054930726
706,3,3,1996,Urban,Apartment,2,9,635444.2417125665
1984,5,1,2014,Urban,Apartment,0,1,894327.5411896833
1363,4,1,1997,Suburban,Condo,3,4,625409.3282271981
3290,3,1,2019,Urban,Apartment,1,6,1089254.2836432164
1063,3,2,2001,Suburban,Villa,1,7,537819.2492194282
4691,1,2,2003,Rural,Condo,2,10,727013.9639033284
2257,5,1,1998,Rural,Villa,2,7,531706.3247260374
2178,1,2,2016,Urban,House,2,10,900668.3548330388
3742,2,1,2018,Rural,Apartment,1,2,601528.4231407716
1559,1,1,2000,Rural,House,3,4,273458.78724681365
2222,1,1,1987,Rural,House,1,5,350279.66577633243
3814,4,1,2007,Urban,Apartment,0,1,1100864.3673915206
3657,3,1,1984,Urban,Condo,1,1,1027190.6490569809
3125,5,1,1996,Rural,Apartment,0,10,557620.4224570908
3229,1,1,2016,Suburban,House,3,3,714400.0187065909
2097,5,2,2015,Rural,House,2,10,624871.9849134559
3560,1,1,1998,Urban,Condo,2,3,811487.7001286595
3193,2,1,2006,Urban,Apartment,1,8,1096550.5929537378
4127,1,2,2013,Urban,House,2,9,1294299.63603523
1863,4,2,1990,Rural,Villa,3,1,339633.34387551306
2481,3,2,1991,Suburban,House,2,2,808904.9303346615
2163,2,1,2000,Urban,House,1,10,920380.1946243008
2029,1,3,1990,Urban,Condo,3,2,672500.4170505131
2538,5,3,2018,Rural,Villa,0,4,551035.5467649879
3802,2,2,2007,Suburban,House,1,2,965475.1787101432
2737,2,3,1984,Rural,House,0,7,453650.493127987
1806,1,2,1996,Urban,Villa,3,9,717401.9753906426
4529,2,1,1999,Suburban,Apartment,1,7,1077684.4866961383
3175,5,3,2020,Suburban,Apartment,1,6,1055824.4268103403
1782,2,1,1991,Urban,House,3,10,721897.2874841666
1209,5,3,1985,Suburban,House,2,1,526000.2511397391
4913,1,1,1996,Suburban,Apartment,1,10,1023212.8452130993
4248,3,3,1998,Rural,Condo,1,9,733521.5076871966
1163,2,1,2005,Urban,Villa,0,5,409746.84054826666
2498,3,1,2023,Urban,Villa,2,5,903653.2090895311
3945,5,3,2023,Urban,Condo,0,6,1483305.0658321995
4243,2,1,2011,Urban,Condo,0,9,1150189.792716402
1995,4,1,1985,Urban,Condo,2,8,809916.8492189334
3804,3,1,2015,Suburban,Condo,2,8,1117949.699679851
4263,2,3,2017,Rural,Condo,3,8,745486.5676429964
2353,3,3,1990,Urban,Condo,2,1,835888.8295898074
1791,2,1,2012,Rural,Villa,1,1,304622.708274258
4081,1,1,2003,Rural,Condo,2,8,597812.3809272833
3957,3,3,2002,Suburban,Apartment,3,5,1105803.4434919192
2136,4,3,1994,Urban,Condo,3,9,1072843.30765889
4196,4,1,2006,Suburban,Condo,3,2,1062142.079346774
3499,5,1,1990,Urban,Villa,2,9,1286583.1288431028
3652,2,1,1996,Suburban,Villa,2,8,953398.6558995029
1198,3,2,1993,Rural,Condo,0,9,257044.76227648748
2660,5,3,2006,Urban,Villa,0,4,1108620.899172564
4597,3,2,1997,Rural,House,1,1,705602.3270175615
1354,2,3,2007,Rural,Villa,0,1,254845.85699504425
3974,4,3,1983,Suburban,Villa,1,5,1040763.1698254352
2207,1,3,1986,Urban,Villa,3,2,663991.1769599058
3277,4,3,2014,Rural,Villa,0,8,703498.4535350752
2233,5,3,1988,Suburban,Apartment,2,10,822229.667224781
4010,1,3,1987,Urban,Apartment,0,5,1126366.683121003
702,5,3,1996,Urban,Apartment,1,5,682284.7421455221
3755,2,2,1996,Rural,Condo,0,2,525798.3070283144
4718,1,1,2012,Urban,Condo,3,7,1287315.1450172863
4996,5,1,2011,Rural,House,2,8,948652.8897993732
1266,2,2,1987,Urban,Apartment,1,10,558256.8932983021
4889,4,2,1998,Suburban,Condo,2,1,1128857.5720252758
2827,2,2,2017,Rural,Villa,2,2,555013.165950406
3431,3,2,1982,Rural,Villa,1,10,561704.7093252671
697,2,3,1984,Urban,Apartment,2,4,434100.88429277565
2430,2,1,1992,Urban,House,2,5,818690.1887868631
4082,3,3,2010,Rural,House,0,2,681737.8801390477
1108,5,1,1995,Urban,Villa,2,1,740842.5772934987
3772,5,1,2011,Suburban,House,2,9,1095612.481585616
1647,2,2,2001,Urban,Apartment,2,1,603049.433170013
4782,3,3,2008,Suburban,Villa,2,4,1197301.0929866158
3897,3,2,2001,Suburban,Condo,1,2,974921.7476286998
3011,4,3,2022,Suburban,Condo,3,4,1067211.1563919047
2294,5,1,1982,Suburban,House,0,8,745400.8254814348
1159,1,2,1989,Suburban,Villa,2,8,391336.80848198576
3311,5,2,2021,Urban,Villa,2,9,1318825.4066085068
1869,5,1,2000,Suburban,Condo,1,5,702039.0594898347
2486,4,1,1995,Urban,Villa,3,7,976834.9995001773
646,1,1,1991,Suburban,Villa,2,3,245601.81552993847
3719,4,2,1981,Rural,Villa,1,10,659395.7905390986
3411,1,3,2020,Suburban,House,0,4,805948.0972814964
2234,2,2,2003,Rural,Villa,0,10,367866.59927082155
2343,1,3,2014,Suburban,Apartment,2,9,628767.395811873
988,4,2,2009,Suburban,House,2,10,712489.3520091806
3476,5,2,2009,Suburban,Villa,3,10,1157764.1954782638
2459,1,1,2014,Rural,Villa,3,1,417696.77388153045
2885,1,3,1998,Rural,Apartment,2,2,417385.25184086233
3419,3,2,1987,Suburban,House,1,5,903996.1803589306
2302,5,2,2005,Urban,Condo,3,3,1092706.994795218
4561,2,1,2019,Suburban,Condo,2,2,994458.6402788595
3869,4,1,1986,Rural,House,3,1,588904.7282077307
762,2,3,2009,Suburban,Villa,2,10,458133.61580863636
1123,5,2,1986,Rural,Villa,0,3,342945.86756464443
1516,1,3,1982,Rural,Condo,2,1,273475.3501570113
4143,1,2,1980,Rural,Condo,0,1,523079.70041193254
2549,5,3,2015,Suburban,Condo,3,1,991756.5054320102
4223,1,1,2004,Rural,Apartment,2,8,597412.1574951971
3608,1,2,2016,Rural,Condo,3,3,524226.900448554
4590,1,3,1980,Suburban,Apartment,0,1,898204.951092591
2556,4,1,1994,Rural,House,2,7,444465.7592084527
3670,4,1,2016,Suburban,Villa,3,10,1141786.874925531
2182,3,3,1992,Rural,Condo,0,3,429938.1632238063
2755,2,2,2019,Urban,Villa,3,8,1034973.0979545027
1654,5,2,1987,Urban,Villa,1,4,793472.356337543
4999,5,1,1984,Rural,Condo,0,4,835779.7891060617
3691,5,2,1988,Urban,Condo,0,5,1303382.3967669266
2196,3,2,1980,Suburban,House,0,6,598961.4070793324
4491,4,2,2015,Urban,Apartment,2,7,1565063.441177894
2148,3,1,2014,Rural,Apartment,2,4,491328.5230920169
1945,5,3,1981,Rural,Villa,2,8,547776.3112812357
4699,2,2,2019,Suburban,Condo,1,6,1109146.7490185637
4423,1,1,2002,Rural,House,1,1,601018.3853745301
753,4,1,1988,Suburban,House,0,1,282785.66785353125
3683,4,3,2013,Urban,House,1,9,1396230.2784646964
3057,3,2,1993,Urban,House,3,10,1135168.6872186873
598,4,2,1983,Suburban,House,0,6,371346.7188103266
2700,5,3,2009,Suburban,Apartment,0,10,889273.9494068285
3461,5,3,2010,Rural,Apartment,3,8,723940.1124293786
4933,3,1,2017,Urban,Apartment,0,7,1436630.258793731
4277,5,1,1990,Suburban,Condo,1,6,1162611.9590319379
3369,2,3,2014,Urban,Villa,2,4,1144316.1745201994
3734,3,2,1987,Suburban,House,3,7,1035903.7124013951
4291,2,1,1982,Urban,Condo,1,9,1258620.6691200065
1456,1,1,1993,Rural,House,3,10,331985.45726247475
4567,2,2,1992,Urban,Apartment,3,10,1415589.670534015
660,1,1,2011,Urban,Condo,0,7,282850.3001657395
4993,1,2,2013,Urban,Apartment,0,1,1366758.5632286654
1800,2,2,1998,Urban,House,1,10,673107.7964144904
4487,3,2,2017,Urban,House,3,9,1531511.7044104247
2027,5,3,1995,Rural,Villa,0,4,540879.950177269
1718,5,3,1981,Suburban,House,0,3,689976.8788765669
4996,1,3,2019,Urban,Apartment,3,4,1408345.5454780338
3604,1,2,1996,Rural,House,1,4,501084.8498566205
3235,3,2,2013,Urban,Villa,1,10,1146927.2613941168
1454,4,3,2021,Urban,Villa,3,2,771128.288521699
3946,2,1,1995,Suburban,Apartment,1,1,836796.3370872481
1545,1,2,2017,Urban,Condo,0,10,602744.2301880012
2193,5,1,1981,Rural,House,3,1,548034.1142355673
3936,3,1,1981,Rural,Villa,0,8,640678.7219094336
1062,2,2,2005,Suburban,House,2,2,409230.09751070535
2985,3,2,1992,Urban,House,2,10,1073990.0233814565
3854,2,1,2010,Rural,Condo,1,5,604235.8034892838
725,2,1,2013,Urban,Villa,2,4,429331.309204211
1459,1,3,2018,Urban,House,0,8,640751.9554446554
3567,3,3,1982,Urban,Villa,2,2,1218656.7885415985
1315,3,2,1987,Suburban,Apartment,0,10,464262.19223261613
3620,5,3,2002,Urban,Apartment,1,9,1412067.9065675864
516,5,3,1993,Rural,House,1,7,390039.4200151112
1743,1,3,2006,Urban,Villa,0,7,630167.9579107087
2705,1,3,2008,Rural,House,2,1,528427.0920304185
3024,4,1,2018,Urban,Villa,1,2,1098322.9576505919
1569,5,2,2018,Rural,Villa,3,4,469135.4792415188
3944,2,3,1980,Rural,Condo,1,4,611483.4351137491
3065,3,1,1996,Urban,Condo,2,3,942394.56329061
1560,1,1,2020,Urban,Condo,3,7,611167.0842822953
2827,3,1,2009,Rural,House,2,8,546630.101014521
3920,3,3,1992,Suburban,Condo,0,2,1001588.058095089
801,4,3,2000,Urban,Condo,3,4,727497.2519892359
4776,5,2,1998,Suburban,Apartment,2,3,1249751.119675137
1106,1,3,1998,Urban,Villa,3,2,536909.3097401196
3670,3,3,2004,Urban,Villa,2,6,1286180.9355207914
1199,1,1,2001,Urban,Condo,3,4,409280.3487187356
1639,2,2,2010,Urban,Villa,2,6,706518.1190405845
690,4,3,1996,Suburban,Apartment,0,2,422942.02020092675
2800,2,3,2002,Urban,Apartment,3,4,1034084.5168462981
1480,1,1,2011,Rural,Condo,3,6,286876.47496989515
3475,1,1,1989,Rural,Apartment,3,5,465766.7712169615
1684,5,3,1989,Suburban,Villa,3,3,730442.6521606597
3827,3,2,2015,Urban,House,0,8,1233803.7748002724
3894,3,2,1987,Rural,Villa,3,7,662304.5390208182
627,2,1,1999,Suburban,House,1,3,262416.0213554437
2565,4,1,2011,Urban,Condo,0,6,950972.7918137772
2316,3,3,1993,Rural,House,1,4,514879.13714264083
1069,5,1,2007,Rural,Apartment,3,5,482194.75530022103
2395,2,3,2003,Suburban,Villa,2,5,757445.5371479107
3233,2,2,1994,Urban,House,1,7,920865.1417422568
4363,5,2,2001,Urban,Villa,3,5,1507576.3168849084
4514,4,3,2009,Rural,Condo,1,3,779147.3940483902
3401,5,1,1983,Rural,Condo,3,10,600606.3370324962
2186,4,2,1992,Rural,Apartment,3,5,461725.414142536
3509,5,1,2002,Urban,Condo,3,7,1325953.5015383726
654,5,2,1987,Suburban,House,2,5,484071.2959435469
3037,1,3,1997,Suburban,Condo,1,5,731892.508865446
1909,2,3,1991,Urban,Apartment,0,9,678483.5819361523
4557,5,3,2010,Suburban,Villa,0,3,1205245.882464158
1284,5,2,1993,Rural,Villa,0,6,406475.48753632896
3675,3,1,2013,Suburban,Condo,0,1,861210.0735712436
4841,2,1,1997,Suburban,House,3,10,1174524.6788823942
3306,3,1,2013,Suburban,Apartment,1,5,885708.7180998767
1037,2,2,1990,Rural,House,1,8,256084.65156229178
2341,3,2,2020,Urban,Apartment,2,5,967730.9441537561
2955,5,2,1991,Rural,Condo,1,9,596200.3452652482
1024,5,2,1994,Urban,Apartment,1,6,708888.5840486356
3450,1,2,2010,Urban,Apartment,1,8,993469.1264025148
4631,3,1,2008,Urban,Condo,2,10,1524246.221613813
4615,4,2,2005,Suburban,House,0,8,1177025.2849734635
2868,1,2,1997,Suburban,Condo,1,3,694237.1723114032
4347,3,1,2011,Urban,Apartment,2,7,1386649.8034344222
4995,3,2,2001,Urban,Condo,2,7,1487591.8869171885
3201,1,1,2017,Suburban,Apartment,3,10,857535.329950076
1471,5,1,1996,Rural,Condo,2,6,474605.9132543922
1666,3,3,2002,Urban,Villa,0,7,766970.9604198743
3274,5,3,2003,Rural,Villa,1,2,665381.4676170619
2482,1,3,1987,Suburban,Condo,2,9,651987.1345822461
1353,5,3,2020,Urban,House,0,10,950630.1613238674
4646,2,2,1985,Rural,Apartment,2,10,745414.9094401071
4236,4,3,1984,Rural,Villa,2,1,685779.2092940744
4269,3,1,2023,Rural,House,2,1,639115.2031660173
1074,4,2,2008,Suburban,Apartment,2,3,612918.5249791597
3761,5,3,2007,Suburban,Villa,2,3,1155986.025299237
1648,3,1,1990,Rural,Villa,0,1,266377.0947314308
2215,5,2,1980,Rural,Condo,1,7,524782.8628579028
4354,2,2,2022,Suburban,Apartment,1,4,966591.0666163506
2991,1,3,1998,Rural,House,1,10,424866.4513044822
3160,3,2,1988,Rural,House,1,2,574206.65437389
3624,2,1,2006,Suburban,House,0,10,894197.5570130771
3551,2,2,2013,Rural,Apartment,3,5,620534.8765257692
504,3,1,2023,Rural,House,3,6,308912.8602406476
1376,5,2,1983,Rural,House,0,9,579226.582945985
1491,2,3,2015,Suburban,House,0,4,563834.7643122663
4642,4,1,1997,Rural,Condo,2,2,691967.9866812597
4864,2,2,1994,Suburban,Condo,2,5,1017101.1804039838
4965,5,2,1992,Suburban,Apartment,2,3,1323226.7881679707
1135,5,2,1998,Urban,Apartment,1,2,742179.7927115003
2193,4,1,1985,Urban,House,2,1,822178.038377522
2182,2,1,1991,Rural,Condo,3,10,398796.04845503037
619,5,1,2016,Suburban,Villa,1,2,491984.2694941988
1330,3,3,1996,Urban,Villa,2,6,686082.7415628268
4175,1,3,2002,Rural,House,1,8,689339.0943010481
1869,1,1,2005,Urban,House,3,3,664657.8453636171
1240,1,2,2008,Urban,Condo,2,9,560826.3620585232
616,2,3,2012,Suburban,Condo,3,9,544270.5080607712
3338,4,1,2006,Suburban,Condo,3,2,932982.6199781355
1650,5,2,2004,Urban,Apartment,3,8,1007843.6606220993
2431,3,3,1989,Urban,Apartment,2,10,943493.3318154598
1512,3,2,2002,Suburban,House,0,5,540570.725297745
2164,2,2,2000,Rural,Apartment,2,4,377900.7806292666
1581,1,2,2000,Suburban,Condo,3,10,572311.6727007087
1012,2,2,2022,Urban,Condo,2,5,667058.1334825631
3349,4,3,1992,Rural,Apartment,3,4,675556.0104658176
1059,4,3,2016,Urban,Villa,0,8,721232.2546783409
4172,5,3,2012,Rural,House,1,4,831163.3045888793
3843,5,1,2003,Urban,Villa,0,10,1388764.4372893858
4570,4,3,2023,Rural,House,0,6,928130.0873200154
1970,4,2,1990,Rural,Villa,1,2,433098.3980450472
1080,4,3,1996,Urban,Apartment,2,5,696726.2504387966
2794,2,2,1983,Rural,House,1,6,498612.0612823189
3647,4,1,2004,Suburban,House,2,5,983676.0963847203
4749,3,2,2009,Urban,House,2,2,1429537.5494855887
2179,1,2,1988,Suburban,Condo,3,7,544996.1984812224
4006,4,2,2000,Urban,Condo,3,4,1360228.2593598294
3244,1,1,1999,Rural,Villa,1,8,493220.2348745218
3856,2,3,1998,Rural,Apartment,0,7,621102.5662131561
4545,1,3,1998,Rural,Condo,1,7,656655.6318784589
1743,2,1,1991,Urban,House,2,9,694586.4565172647
3618,3,2,2016,Suburban,Condo,3,1,919466.3791579083
2641,2,3,2021,Suburban,Apartment,1,10,779830.2699738003
3559,2,1,1996,Urban,Condo,1,6,1064251.808536322
3459,5,3,2016,Urban,House,3,6,1472162.5089043642
2765,4,1,2018,Suburban,Villa,3,6,835519.7759659823
2979,4,2,2007,Suburban,House,3,6,857542.2476783769
2135,3,3,2020,Suburban,Apartment,2,10,777862.8977301716
2257,3,1,2014,Suburban,Villa,3,7,745445.0502763401
4952,4,3,1997,Urban,Condo,0,10,1672917.4787382754
2570,5,3,1993,Urban,Condo,1,6,1104612.771609374
3349,4,3,2014,Rural,Condo,3,1,633811.9475635984
3751,5,3,2023,Suburban,Villa,3,3,1193809.311454153
4230,3,1,2020,Rural,House,2,2,685899.1942375209
2989,1,2,1986,Urban,Villa,2,6,801474.6346273501
2131,3,1,2020,Urban,Villa,1,8,815721.8557540644
3316,3,1,1992,Rural,Apartment,0,3,445710.12489423534
1515,2,1,1997,Suburban,Villa,1,10,629492.5767453968
1848,2,2,2016,Suburban,Condo,3,8,714039.0720136807
3587,2,3,1992,Suburban,House,0,8,860774.1970732319
3339,2,3,2015,Suburban,House,0,5,920433.3411414466
835,5,3,2010,Rural,House,0,8,383797.18561692676
1395,4,2,1981,Rural,Condo,0,6,406759.01984868647
4046,1,3,1995,Urban,Condo,1,5,1139365.3228534728
1351,3,2,1988,Suburban,Condo,2,9,529437.4375101351
2187,5,3,1988,Suburban,Condo,2,7,878851.0172914485
2431,1,3,2017,Suburban,Condo,3,8,761255.9786361842
4246,5,1,1990,Rural,Villa,2,1,737433.3886089663
2927,5,2,2001,Suburban,Condo,2,2,924035.3511592054
2068,3,1,2012,Rural,Condo,2,8,477610.7386435464
4500,4,1,2015,Suburban,Condo,2,9,1258027.6944043373
3238,2,1,2002,Suburban,Condo,3,4,932830.3424408834
3998,4,2,2013,Urban,House,1,10,1495989.595027478
4413,3,2,1988,Suburban,Condo,0,10,1088522.2580141523
1566,3,3,2003,Suburban,Villa,2,9,657549.6542550214
4880,3,1,1987,Urban,Villa,1,4,1333963.2540999004
2944,1,3,1986,Rural,Villa,2,10,452073.5352694775
4607,4,1,2015,Rural,Apartment,2,10,866067.1771276608
3873,4,2,1997,Suburban,House,0,10,1011193.8654170829
4469,5,2,1982,Rural,Condo,0,9,768857.2843975369
3046,5,2,2007,Suburban,Apartment,0,7,994597.4351451
1253,5,1,1985,Urban,Condo,2,2,660058.7348101737
2582,3,2,2023,Urban,Apartment,2,9,1060335.6004735373
3274,4,1,2023,Suburban,Apartment,2,4,896645.9656947178
3396,3,3,2000,Urban,Villa,0,8,1229366.3366152407
4685,1,1,2007,Urban,Villa,3,7,1273463.9067273561
1275,5,3,2019,Suburban,Apartment,1,7,701806.2086526025
2125,3,1,1980,Suburban,Villa,3,8,568913.5290083069
3569,3,3,2015,Urban,Apartment,2,1,1207031.947609605
917,1,2,2000,Rural,House,2,5,213375.25568192205
614,2,3,2022,Rural,Villa,3,2,293972.8958484207
1116,4,2,2014,Suburban,Villa,2,2,499748.4161521213
4474,2,2,1992,Suburban,Villa,1,1,990829.0396767568
3767,5,3,1989,Rural,House,2,5,646479.4723576942
1325,3,1,2023,Urban,Apartment,1,2,617516.1250008798
2016,1,1,1989,Rural,Condo,3,4,334094.4141569792
3646,1,1,1992,Rural,Villa,3,3,523608.70033530425
912,4,1,2016,Rural,Apartment,2,3,342927.7435580134
1228,2,1,2017,Rural,House,1,2,309993.58421304333
3848,4,2,2003,Suburban,Condo,2,6,1138074.9352486525
3308,3,1,1981,Suburban,Villa,0,2,722059.603584353
1175,4,2,2001,Urban,House,0,8,653982.8682430193
3965,1,2,1996,Urban,House,0,8,1118160.8641146377
3004,1,2,2015,Urban,Condo,0,5,871888.0307627905
3467,5,3,1993,Urban,Apartment,2,10,1467305.985581109
3286,5,3,1989,Rural,Villa,0,7,634621.6692813938
1622,3,2,2014,Suburban,Villa,1,4,546659.455568361
4579,2,3,2004,Suburban,Apartment,3,1,1093009.687547634
2071,4,1,1982,Urban,Apartment,3,2,714954.1104381504
2643,3,1,2017,Urban,Apartment,0,10,967303.5643120859
2187,5,2,1996,Rural,Condo,0,10,527547.9711695826
4632,4,1,1991,Rural,Condo,0,4,728463.6160386341
4351,5,2,2003,Urban,Villa,2,1,1403161.3951864901
3940,4,2,2008,Suburban,Condo,3,8,1104424.9763866025
4266,2,1,2022,Suburban,House,0,9,1082525.68453482
2826,3,3,2004,Suburban,Villa,1,4,817606.9272707175
3414,4,1,2015,Urban,Condo,0,10,1276381.859195148
4452,1,1,2005,Suburban,Apartment,3,3,930270.6299308268
1095,1,2,2017,Rural,House,0,2,219877.45187895623
1228,4,2,1980,Rural,Apartment,3,5,382086.72135146067
1865,4,2,1999,Urban,Villa,0,3,864002.7453811632
4992,4,2,2007,Rural,Apartment,1,10,863359.0909914259
1198,1,3,1995,Urban,Condo,0,7,486236.5553139811
895,1,3,1996,Suburban,Condo,1,6,410407.6513868369
4671,4,3,2019,Suburban,Villa,1,1,1191389.4280757457
4860,5,2,2007,Suburban,Apartment,0,8,1313831.4595836378
3002,5,2,1991,Rural,Villa,1,2,636387.9603209515
2319,2,2,2006,Urban,Apartment,2,5,810982.906415053
1217,3,3,2021,Suburban,House,0,9,622483.1223241828
3282,5,2,2009,Urban,Condo,0,8,1362727.5355072506
4077,1,1,2020,Suburban,Villa,1,2,911925.9024419077
643,5,1,2013,Rural,House,1,9,384206.6534842406
3640,2,2,2016,Rural,House,0,5,579183.9344083683
4991,2,1,1985,Urban,Villa,2,10,1377759.085936258
3438,3,1,1986,Rural,Villa,1,6,508750.7038382096
4136,5,3,2011,Rural,House,1,3,861401.1979982839
3722,1,2,2011,Urban,Apartment,3,3,1161223.5522685
1667,1,2,2004,Suburban,House,2,10,516804.27612297115
3116,4,3,2012,Rural,Villa,2,8,698004.3499039069
1562,1,1,1986,Urban,House,0,10,510016.32492531557
2656,3,1,1991,Rural,Apartment,2,10,579540.7730662037
3482,3,2,1995,Rural,Condo,0,2,572980.0599150675
3794,1,1,1995,Rural,Condo,3,2,534139.0619634826
1656,1,3,2022,Rural,House,2,5,350835.719885216
1232,4,3,2015,Urban,Apartment,1,6,819243.3922562914
4830,1,2,1992,Urban,Condo,3,2,1255340.871451869
1453,4,3,1986,Urban,House,0,5,730959.247256492
3039,4,3,2015,Rural,House,3,7,680881.4460270843
3824,1,2,1988,Rural,Apartment,0,10,549055.4060064927
3801,2,3,2011,Rural,Villa,3,10,665082.9613184091
2042,2,3,1990,Urban,House,0,8,785159.762637365
1691,4,3,1987,Rural,Villa,2,7,464248.5170689516
3493,1,1,2012,Suburban,Villa,1,8,902911.0427733214
3181,2,2,2002,Rural,Condo,0,9,493302.75808111957
1717,1,2,2004,Suburban,Villa,3,5,553924.9096116496
2040,1,2,1987,Rural,Apartment,0,5,307867.676598668
3736,1,1,2001,Urban,Condo,0,10,1143587.9199163278
2886,5,1,1983,Rural,Condo,0,4,562568.5958530733
4219,1,2,2019,Suburban,Condo,3,9,1073254.4290817543
1888,5,1,1982,Suburban,House,1,5,652634.878251309
2356,4,2,2008,Rural,House,2,2,476363.947266719
1865,2,1,2020,Suburban,Villa,1,10,639269.6396320466
999,2,3,2008,Suburban,Condo,0,8,393904.86954316194
2180,2,3,2013,Urban,Condo,3,7,867685.7955707514
1010,2,2,2013,Rural,Apartment,1,8,360621.9218414748
4812,2,1,2007,Rural,Villa,0,3,588533.7930477967
1824,2,1,1992,Rural,Apartment,2,4,318101.32208545815
1655,2,3,1994,Suburban,Villa,2,5,507043.6754370521
2327,4,3,2002,Rural,Villa,2,6,534316.4653805168
3641,1,1,2023,Rural,House,0,1,514947.2651169673
3986,3,1,2005,Urban,House,3,4,1306077.7645482086
2310,5,1,1983,Urban,Apartment,1,10,1054631.679486636
3423,3,1,2005,Urban,Villa,2,5,1069227.339042059
2714,3,1,2019,Suburban,Condo,0,7,750821.9031686618
4686,1,1,1988,Rural,House,0,5,809747.5061105979
1213,1,2,1984,Urban,Condo,1,1,347424.2657032319
4102,1,1,2011,Urban,Apartment,2,7,1121839.4602002047
4634,2,3,1999,Urban,House,0,8,1333859.961862928
4022,4,2,1990,Rural,House,1,7,694433.0041845335
4768,2,1,1994,Rural,Villa,3,4,686923.131860577
1743,4,3,2011,Rural,Apartment,3,8,519041.49384025653
4209,4,2,2007,Suburban,Villa,3,5,1157348.6723136718
1581,3,3,2001,Suburban,House,2,10,681559.6068853418
955,3,1,2020,Urban,Apartment,1,9,587100.6751364403
1394,4,1,1996,Rural,House,1,10,419346.55105780653
1884,4,1,2005,Urban,Apartment,0,5,789952.3474940342
2458,2,1,2023,Rural,House,0,1,428589.0835274963
3572,2,2,1986,Rural,Condo,0,9,480517.29731374216
2496,3,2,2021,Rural,Condo,1,5,524962.2121845739
4785,1,3,2005,Suburban,Villa,0,6,954020.1842048992
1004,4,1,2004,Suburban,Condo,1,4,469541.455276171
1714,2,3,1989,Rural,House,1,6,396976.81463765376
2031,3,2,1998,Urban,House,3,8,953263.9575801182
3940,2,1,1990,Rural,Condo,0,3,561523.0032048502
1323,4,1,1992,Rural,Villa,3,5,411729.53676464944
1428,4,2,1987,Urban,Condo,2,2,672349.7518958771
633,5,2,2019,Rural,Apartment,2,2,336901.6115037519
2605,1,2,1983,Urban,Apartment,2,7,924762.9081261863
4127,5,2,2010,Suburban,Apartment,1,10,1264218.0155932605
2352,3,2,2007,Suburban,Condo,1,10,717510.8074267303
4675,2,1,1990,Urban,Condo,1,10,1235141.8039233505
3433,3,2,2022,Suburban,Condo,0,6,911486.5275468213
3784,4,1,1980,Suburban,Apartment,3,4,1028713.4253154333
4798,5,1,2017,Urban,Villa,1,5,1582986.9577014383
3311,5,2,2003,Suburban,House,3,1,887979.0088819357
1750,5,2,2010,Rural,Condo,3,7,529135.3288405046
4012,3,1,2020,Rural,Villa,3,8,729319.9224875724
1756,4,2,2005,Urban,House,0,9,739316.631026726
3876,2,2,1984,Suburban,House,0,8,888488.3076025095
3986,2,2,1999,Rural,House,2,5,586051.5996204338
4084,3,3,2020,Rural,Villa,2,3,638302.6794605842
1896,5,1,1990,Suburban,Villa,3,10,865505.3790082701
4137,1,3,2012,Suburban,Apartment,2,9,984579.8899607536
3830,3,2,2017,Rural,Villa,3,6,677435.7632271859
3203,3,3,2006,Rural,Villa,0,5,551930.855696666
970,4,2,2013,Urban,Villa,0,3,617361.9375462151
1853,2,3,1994,Urban,House,0,6,787240.5303527936
3283,3,2,2011,Rural,Condo,1,3,519750.65648820344
3331,3,3,2000,Urban,Apartment,3,10,1259134.8242775702
857,5,3,1984,Rural,Condo,0,6,363283.0939513199
3519,5,3,1985,Rural,Condo,3,4,666840.4126420247
1167,1,1,2017,Urban,Villa,2,2,432430.67977106967
4968,4,3,2001,Urban,Apartment,2,8,1690524.9903374778
1645,1,1,1997,Suburban,Condo,0,4,335114.7506646754
4685,5,2,1993,Suburban,Condo,3,9,1301567.874563491
4219,2,3,1989,Suburban,Apartment,0,7,963452.3036540357
3245,5,2,1992,Rural,Villa,2,2,627409.6659432831
1039,4,2,2010,Urban,Condo,0,4,650932.5857311621
3279,5,3,2009,Rural,House,3,5,757208.0384053439
4636,4,1,1982,Urban,Condo,2,3,1460977.715098117
4275,4,3,2009,Rural,House,1,9,674476.1784072894
3008,4,2,1985,Suburban,Villa,2,5,857070.433039728
3279,4,2,2008,Suburban,Condo,1,2,841198.1963878904
1424,4,3,1987,Suburban,Apartment,0,3,529851.4999674548
3456,2,1,2023,Rural,Apartment,0,9,631563.3665347039
2081,1,1,2022,Urban,Condo,3,7,834114.6261071189
3824,3,2,2023,Urban,Villa,1,2,1291635.7288409204
4985,1,2,2012,Suburban,Villa,0,9,1167864.6257425211
755,4,1,1996,Suburban,Apartment,1,4,405603.2464189786
2338,2,3,1990,Suburban,Condo,0,9,742766.5137353581
2444,5,2,1992,Suburban,Villa,2,2,884562.4897302921
509,2,1,1990,Urban,Apartment,0,10,361465.0227270755
3371,4,2,2010,Rural,House,3,4,727381.8300783782
1297,2,3,2007,Rural,Condo,2,5,352901.8509258289
1515,2,1,2023,Rural,House,3,2,417111.62577754393
2324,4,2,1985,Rural,House,2,10,526796.8381318221
4969,2,3,2020,Suburban,Villa,1,1,1115943.9759153407
3636,3,2,1995,Suburban,Villa,3,7,934480.4284864191
2693,3,3,1983,Suburban,Villa,0,10,783258.5483381174
723,2,3,2014,Rural,Condo,1,1,249379.40971641513
4658,5,1,2005,Suburban,House,0,8,1175147.3669312024
4425,4,3,1991,Suburban,Condo,2,3,1134394.577050217
4500,3,2,1990,Urban,Villa,2,10,1406172.5345289616
2133,5,3,2016,Urban,House,0,6,999076.2226834745
2652,2,3,2004,Suburban,Condo,0,7,790754.2330776792
1010,5,1,1997,Urban,Condo,1,10,803845.1801552892
884,1,3,1998,Urban,Apartment,0,1,394471.63391461544
904,3,3,2002,Suburban,Condo,3,6,535312.2104689251
2500,2,2,2017,Suburban,Villa,3,7,777680.8597304064
3256,4,1,1997,Suburban,Condo,0,6,813721.3322130325
2168,2,1,2005,Suburban,House,3,4,638971.6447620669
1960,4,1,1985,Rural,Condo,0,1,371681.585309281
4136,2,3,1983,Rural,Apartment,1,9,811317.369826284
3224,5,1,2023,Suburban,House,3,4,1085875.118100787
4678,5,3,2008,Urban,House,3,7,1722312.2463285427
2548,5,3,2013,Suburban,Apartment,0,7,919759.5344503338
4646,1,2,1996,Suburban,Villa,3,2,1044745.3268538613
1216,4,2,2022,Urban,House,2,1,683813.0664809739
2323,5,2,2022,Rural,Villa,1,8,658941.8906007016
2581,1,2,1995,Suburban,House,1,8,590222.824988135
3919,4,2,1981,Suburban,House,3,7,1039743.8071392634
2074,2,3,2013,Rural,Villa,3,8,401771.025029777
749,1,3,1987,Rural,House,2,3,227783.81115245458
1173,3,1,1992,Urban,Villa,2,2,537421.4513131594
2665,1,3,2021,Rural,Apartment,3,7,501325.8487616988
1270,1,3,1987,Rural,Villa,3,8,269143.0604512091
4462,4,2,2009,Rural,Apartment,2,1,826776.1113350034
4863,2,3,2011,Urban,House,0,10,1480494.8031198415
2484,3,2,2015,Rural,Villa,2,9,515715.2312739712
1577,5,1,2009,Rural,House,0,4,515736.64818090125
735,5,1,1980,Urban,Villa,1,4,507521.85404291435
888,1,3,2022,Rural,Apartment,1,3,310690.8535726893
3537,4,1,2018,Rural,Apartment,2,6,619690.4717994713
2348,4,3,1996,Urban,Villa,0,1,873552.6884896513
3314,5,1,1999,Suburban,Apartment,2,6,1015234.5612691194
3874,3,2,2003,Urban,House,2,2,1207758.1525197988
3778,2,2,2001,Rural,House,0,9,627148.1510756527
1752,3,2,2008,Rural,Condo,2,2,372098.2576987998
4481,2,2,2001,Rural,Apartment,1,7,619430.1924050204
2622,5,3,2023,Urban,House,3,1,1272228.8192182356
2650,2,1,1988,Rural,Villa,3,7,442908.5811312965
1829,4,3,2016,Rural,Apartment,2,5,523530.62277661695
1858,1,2,1989,Urban,House,0,8,630147.8745816163
2982,1,3,2015,Suburban,Apartment,0,4,744197.9102155697
2517,5,1,2016,Suburban,Villa,1,10,876030.4366530892
1831,4,3,2007,Rural,House,0,7,536908.2480975885
4844,3,1,2007,Urban,Condo,0,6,1421583.9587512435
4761,4,3,2021,Rural,Condo,1,5,862858.6825172615
1858,1,1,2022,Urban,Apartment,2,4,657829.2401792945
3677,1,1,2000,Urban,Villa,3,7,1151438.117212853
2628,4,2,2003,Suburban,House,1,5,779736.8890373425
2680,4,1,2021,Suburban,Villa,2,5,877562.7914183873
637,1,2,2019,Urban,House,1,1,308893.5254199911
3972,3,2,1981,Rural,Apartment,2,2,525424.7096829999
3332,5,2,1987,Suburban,House,1,5,866423.273756856
4079,5,3,2006,Rural,Villa,2,3,736348.1812511643
3531,4,3,2001,Suburban,Villa,1,2,941057.8416993852
4664,5,3,2016,Suburban,Apartment,2,4,1430567.487468043
3093,1,3,2006,Rural,Villa,1,4,535679.4217153045
4800,1,1,2008,Suburban,House,3,4,1078617.151042971
4318,4,1,1982,Suburban,Apartment,3,4,1038186.0746874822
4638,4,3,2023,Rural,House,0,3,812426.3584759724
4323,4,1,1992,Suburban,Villa,2,7,1222247.6492373107
4542,3,1,1989,Suburban,Apartment,1,9,1018439.1163111217
2406,5,2,2015,Suburban,House,2,5,911891.9398683656
1260,4,2,1988,Rural,Villa,3,4,460564.78834551317
3945,2,2,2006,Urban,Villa,2,2,1208922.154273612
1399,2,2,2013,Rural,Condo,1,2,398756.9806962617
4955,1,1,1980,Urban,Villa,2,5,1245518.2628263563
3447,5,3,2011,Suburban,House,1,7,1133032.6512593548
2219,4,1,2004,Urban,Apartment,3,10,1026763.7193395187
780,2,1,2008,Rural,Condo,3,10,325067.27795697906
3766,5,1,1986,Rural,Villa,3,9,687759.6793848289
2387,1,2,1982,Suburban,Villa,0,7,582077.4204471841
3766,3,2,1999,Urban,Villa,3,5,1264062.4156383527
1166,5,2,1999,Suburban,House,2,10,690612.9683127274
4688,5,3,2009,Suburban,Condo,0,10,1420759.5818907926
1171,3,1,2014,Rural,House,3,10,381650.73004476127
2469,5,3,2014,Urban,Condo,2,6,1242916.1017310217
4656,1,2,2018,Urban,Apartment,2,3,1361963.929854988
3622,1,3,2006,Urban,House,2,5,1145727.2192292733
4400,3,1,2005,Urban,House,1,8,1301745.016463171
1023,4,1,1993,Suburban,Apartment,0,1,413293.91486715776
2893,2,2,1996,Suburban,Condo,2,1,801063.715056575
3617,4,2,1997,Rural,Villa,1,7,578312.3232656649
3093,5,3,2008,Suburban,Apartment,3,5,1046557.0752851899
2468,2,2,1999,Suburban,Villa,2,5,739955.42598341
2253,3,2,2006,Rural,Villa,1,1,426193.9700106181
2796,3,1,1997,Rural,Apartment,2,9,579214.3908486937
2761,2,2,1983,Rural,Condo,0,1,470579.55142995616
2786,1,2,1980,Suburban,Villa,0,5,597080.3141574401
4702,2,1,1980,Suburban,Apartment,3,10,1111809.526042777
3378,5,1,2005,Rural,House,2,9,705953.54667901
4643,1,3,1999,Rural,House,1,4,690450.2940985159
4144,3,2,2002,Rural,House,3,8,845610.1217448135
4932,2,1,1989,Suburban,Apartment,2,6,1074162.5753659676
2555,4,3,1990,Suburban,House,3,3,814242.298102721
1776,4,3,2020,Urban,Villa,1,4,961687.7114509881
3266,5,2,2020,Suburban,House,3,2,1001733.8833879103
802,4,2,1984,Suburban,House,3,1,411223.92713673797
1138,2,3,1980,Suburban,Villa,3,8,462422.7353023689
555,2,1,1996,Rural,House,2,1,151406.273877098
1025,4,3,2001,Suburban,Villa,1,1,500290.0267564971
4623,2,2,2013,Rural,House,0,4,730514.9794832753
2625,5,1,2020,Urban,Villa,2,10,1188506.9182370661
3787,1,1,2008,Urban,House,0,10,1108048.1734617595
864,5,3,1983,Rural,Villa,0,6,399689.0352420891
2146,5,2,1984,Rural,Apartment,2,9,511244.440033348
1418,2,3,1990,Rural,Villa,2,1,348295.30093492253
3297,1,3,2000,Suburban,House,1,7,856130.9241479144
2031,2,3,2014,Urban,House,1,10,800928.1781684571
3845,3,1,1991,Rural,Condo,3,5,653674.0476436983
2406,2,1,2005,Suburban,Villa,0,8,611759.5945849543
3586,2,2,1998,Urban,Apartment,1,7,1166003.249016622
2575,2,2,1986,Suburban,Villa,3,4,656069.6907363218
1213,1,3,1986,Urban,Villa,1,4,388950.8422344665
1562,2,3,2005,Suburban,Apartment,2,6,579669.1591665586
2476,1,3,2019,Urban,Villa,1,6,824251.3847950441
1796,4,2,1984,Urban,Apartment,0,9,848579.2632268944
625,3,1,2000,Suburban,Apartment,1,5,312069.3750559106
4096,1,1,1993,Rural,Villa,0,8,567444.6775405861
3783,4,3,1983,Urban,Villa,2,5,1372465.5213582083
2103,1,3,2002,Rural,House,0,2,398486.4311107068
566,1,3,2021,Suburban,House,1,6,380171.96016444743
732,3,3,1999,Rural,Condo,3,9,351861.11437238625
2656,5,2,1994,Rural,Condo,2,3,592264.8228105544
1669,5,1,2008,Rural,Villa,1,1,455529.1976362527
2658,1,3,1987,Rural,Apartment,2,1,360829.88183922553
4706,2,2,2020,Rural,Condo,2,3,783286.862196192
1993,4,3,1998,Urban,Villa,1,10,927340.2973721459
4507,2,3,2018,Urban,Condo,1,5,1411697.5967506138
2972,2,1,2007,Urban,Apartment,3,3,889355.4797725179
3160,1,3,2006,Suburban,Villa,2,9,945339.8121685307
3239,1,1,1983,Rural,Apartment,2,8,519647.08124685194
2261,1,1,1994,Urban,Villa,1,3,532923.7360607022
4014,1,1,2014,Suburban,Condo,0,9,900073.6686884924
2475,5,2,2016,Urban,House,1,6,1088803.8977957682
2862,1,2,1980,Urban,Condo,2,7,806963.6535109318
1376,5,1,1982,Rural,Condo,1,4,375675.1763234209
4312,5,3,2003,Suburban,House,3,4,1204960.312516575
3948,1,1,2006,Rural,House,0,2,561433.2882492219
1812,3,3,2019,Rural,Villa,1,5,491072.7043499671
1960,4,1,2015,Urban,Villa,3,8,983571.2387470993
3209,2,3,2013,Rural,Apartment,2,7,604904.7735729568
2824,5,2,2008,Suburban,Apartment,1,7,980510.9142972492
2233,4,3,2003,Rural,Condo,2,6,584329.2753038992
2105,3,1,2003,Rural,House,3,3,456145.8868370841
3063,2,2,2021,Rural,Apartment,2,5,495566.2988409881
3921,2,3,1983,Urban,Condo,3,1,1106805.6943065496
4017,5,3,1982,Suburban,House,3,7,1170456.9539253945
2897,1,3,2013,Urban,Villa,3,9,977035.4551075151
4235,3,3,2002,Urban,Condo,1,1,1300075.1566665764
3370,5,3,2002,Urban,Villa,2,2,1359800.260366181
1660,3,2,1984,Urban,Apartment,2,3,733084.5183379797
742,1,2,2010,Urban,Apartment,0,3,368931.30720024375
3090,1,2,2020,Suburban,House,0,8,808585.5966935777
1563,5,2,1985,Rural,Condo,0,7,538324.7765481691
4824,1,1,2016,Urban,Villa,0,6,1310593.1916089181
3095,4,2,1989,Urban,House,2,10,1234656.7843394172
1419,2,3,2019,Suburban,Apartment,3,10,589074.2652831923
505,5,3,1986,Suburban,Apartment,3,4,591940.9397178134
967,3,2,2018,Rural,Condo,1,9,380764.8675152781
4670,4,3,2017,Suburban,Villa,3,1,1249410.782728366
503,5,2,2000,Rural,Condo,2,2,299978.0937965881
1145,1,3,1999,Urban,Villa,2,4,482195.22816653777
617,1,1,1982,Urban,Villa,2,3,297663.84391804476
3428,1,1,2001,Rural,Condo,1,1,459542.0535371313
3051,1,2,1983,Suburban,House,0,5,614796.0720564876
4789,3,2,2007,Rural,Condo,3,7,779302.6597634943
1346,4,2,1991,Suburban,Condo,2,2,553209.9397231429
3262,2,3,2017,Urban,Apartment,2,5,1111969.5147891107
1641,3,2,2015,Suburban,Apartment,0,6,565992.2223750172
2310,3,1,2020,Rural,Condo,2,7,432092.2015362265
1223,2,3,1984,Rural,Condo,3,1,337127.86797522486
724,2,2,1992,Urban,Apartment,1,7,431998.8362275117
4708,1,3,2002,Suburban,Villa,2,4,1001978.067148799
2548,3,3,2009,Suburban,Condo,3,8,862678.1929333558
4915,5,2,2016,Suburban,House,2,4,1358556.6027982808
2073,2,3,2004,Urban,House,0,6,779867.0435801656
2328,2,1,2006,Suburban,House,2,9,694989.6873885305
2417,4,1,1993,Rural,Condo,2,5,496967.4128995155
4734,5,3,2015,Suburban,Villa,1,4,1244277.2111779458
2526,5,2,2018,Urban,Villa,0,8,1179775.4271631765
4244,2,3,1995,Suburban,Apartment,0,9,942507.6919809034
1401,1,1,2001,Suburban,Condo,1,4,385656.82873057213
2539,4,3,2000,Rural,Villa,2,3,583458.5460747723
509,5,3,2000,Suburban,Condo,3,8,596627.8148110409
760,2,1,1987,Rural,Apartment,0,5,192071.12619027784
2173,5,3,1995,Rural,Apartment,0,2,486903.226537989
2719,4,3,2010,Urban,Apartment,2,10,1230049.7601545558
2560,4,2,2021,Rural,House,2,9,662446.1271759452
4213,3,2,1989,Rural,Condo,0,3,600353.6786807332
2119,2,1,2011,Urban,Apartment,2,2,753473.2429476151
820,4,1,2013,Rural,Condo,3,1,403819.9001194056
1842,3,1,1988,Urban,House,0,8,706678.263126718
2876,3,2,1996,Suburban,House,3,3,782924.7887789294
3332,5,1,1990,Urban,Apartment,3,7,1372861.6419542767
3324,5,1,2011,Rural,Apartment,2,1,644915.3119522379
2494,3,1,1989,Urban,Villa,3,1,839726.4951901438
3458,5,2,2001,Rural,Condo,2,9,741178.7104766803
2538,4,3,1996,Suburban,Apartment,1,8,877633.1663799641
3990,1,1,1983,Urban,Villa,2,3,979806.2527275507
4177,4,3,2004,Suburban,Condo,3,6,1202959.5430352085
1618,3,1,2000,Rural,Apartment,1,3,385769.1871718385
2104,3,3,2016,Rural,Villa,2,4,475409.9489382622
4527,4,2,2017,Suburban,Villa,3,1,1170660.3011436653
735,5,2,1980,Urban,Condo,0,5,555770.7762265675
2469,5,1,2004,Urban,Villa,0,1,872636.3591007909
4929,3,3,2015,Rural,Condo,2,1,773338.0269074216
2408,2,2,1996,Suburban,Condo,2,10,687661.0038179952
875,5,1,2020,Suburban,Condo,0,7,565473.8738165986
4030,4,1,2003,Urban,House,3,6,1407557.2827852883
3135,5,2,1981,Urban,Villa,3,2,1231060.7048439735
2070,4,2,2019,Urban,Condo,3,2,960609.4308595932
3060,3,1,1994,Suburban,Apartment,2,7,847223.4875714354
3891,5,3,2011,Urban,House,1,1,1400644.6902953847
3465,4,3,2018,Urban,House,1,2,1148953.0522396672
4143,3,3,1985,Rural,Villa,1,8,647765.4544069862
4350,2,1,1980,Urban,Condo,1,6,1196813.214558237
1372,4,2,2002,Urban,Villa,1,2,732624.258595979
1752,2,1,2018,Suburban,House,2,7,628340.4012559985
1814,2,2,1996,Suburban,Condo,2,4,536029.4007768305
3398,1,3,2013,Rural,Apartment,1,2,432818.2769699513
577,5,3,2020,Urban,Condo,2,6,723398.7507160414
3121,4,2,2008,Rural,House,2,9,615544.6077176419
4727,2,2,1988,Suburban,Apartment,1,9,1117498.4289545356
1100,1,1,1992,Rural,Condo,3,8,237331.4451791702
1565,3,3,1985,Suburban,Apartment,2,3,642220.0254065209
2636,4,1,1985,Rural,Apartment,3,3,581701.9168930379
2949,2,1,1999,Rural,House,2,2,547964.9223110431
2843,5,1,1982,Urban,Apartment,2,5,1019849.350317839
2363,1,3,1996,Rural,Villa,1,4,421704.56060707854
1818,2,1,1991,Urban,House,2,7,643173.7955531065
4097,5,1,1980,Urban,Villa,0,4,1283218.5909116645
4262,2,1,1996,Urban,Apartment,0,9,1161669.312862802
2690,4,1,1982,Urban,Villa,1,2,942557.8183775728
1492,4,1,2005,Rural,Condo,3,6,387693.42248980573
3212,4,1,1994,Suburban,Apartment,3,7,838398.0487664451
2692,1,3,2015,Suburban,Condo,3,4,850249.0407871581
1748,4,1,2011,Suburban,Villa,0,6,651164.8339783965
3554,5,2,2011,Rural,Condo,3,7,702623.6617790936
4533,2,1,1983,Urban,Apartment,3,4,1230811.444246543
2497,3,1,1997,Suburban,Condo,1,8,689417.1452641558
4187,5,3,1998,Rural,Villa,3,9,851527.072340222
2651,5,3,2022,Urban,Villa,0,1,1152614.041795741
4518,4,2,2014,Suburban,Villa,0,7,1215128.9546451815
3610,1,2,2019,Urban,Apartment,0,9,1106936.4510254257
2470,2,3,1993,Suburban,Villa,1,10,740062.6556654754
697,1,3,2012,Suburban,Apartment,1,5,400193.5378764005
3126,2,1,1993,Suburban,Condo,2,2,617607.0890831554
1702,2,3,2013,Urban,Villa,3,10,834503.3653369781
2535,1,2,1983,Rural,Condo,1,6,340066.85833719163
977,5,1,2003,Urban,House,0,7,729137.8886501446
1754,2,2,2008,Suburban,Condo,0,2,453965.36921607645
1422,1,1,1998,Urban,House,1,2,354652.2303854776
919,2,3,1985,Rural,Condo,1,10,321746.37730584666
2704,3,2,2012,Urban,Apartment,1,10,1018962.6209545138
3097,5,1,2019,Rural,Condo,2,1,608503.6758745821
1620,4,1,1998,Rural,Apartment,0,4,486257.1950440849
3568,2,3,1980,Urban,Apartment,2,7,1157156.9277001736
1450,3,3,1984,Suburban,Villa,2,9,596047.9696292663
2836,4,3,2006,Rural,Apartment,3,3,607863.5937027908
2743,4,2,1995,Urban,House,0,7,1067549.3793110736
3145,2,1,1985,Rural,Villa,0,7,506543.5215052315
2357,1,3,2019,Suburban,Villa,1,7,689639.9744725468
2365,2,2,1992,Urban,Condo,1,2,738302.9971119713
3412,3,2,2014,Urban,Apartment,3,6,1155707.5759781015
3353,4,2,1998,Urban,Apartment,2,2,1068924.472496553
3728,2,3,1991,Suburban,House,1,6,904598.8862113247
4219,1,3,1995,Rural,Condo,1,10,634615.7407326928
3728,2,1,2022,Urban,Condo,0,3,1099103.9517170181
2871,5,1,1989,Rural,Villa,0,2,536778.9871902813
3391,1,3,2004,Rural,Villa,1,6,510681.280325281
4256,3,2,1999,Suburban,Villa,0,2,987839.9229748179
4725,4,2,2010,Urban,House,3,5,1552213.3607222538
594,2,2,1983,Rural,House,1,2,267410.0689007015
3174,1,1,2023,Urban,Villa,0,3,892462.1149481479
2455,5,2,2002,Urban,Condo,3,3,1005344.6506483536
1293,1,1,1981,Suburban,House,0,6,386165.7550109791
2334,5,1,2001,Urban,Condo,0,6,931492.5498021375
2616,3,2,2016,Urban,Condo,0,10,977863.1504609915
4606,4,2,1987,Rural,Apartment,1,3,847104.3326271761
3825,3,3,1986,Suburban,Villa,2,3,984191.8328897782
3419,2,3,1993,Urban,Apartment,0,1,1008313.3003602743
3097,1,2,1982,Rural,Villa,3,7,531493.0057936076
3705,5,1,1995,Suburban,Villa,1,8,1040600.5141881098
1314,5,1,1998,Suburban,Condo,1,2,527099.736490684
845,1,1,1997,Rural,Villa,3,4,180137.127253113
2849,1,1,1995,Rural,Condo,0,10,518323.3139622017
862,2,1,1987,Rural,Condo,2,7,244829.37766034043
2943,3,3,2012,Rural,Villa,0,8,654005.7519858069
2765,5,2,1991,Rural,Condo,3,1,577577.7436385751
2688,2,3,1990,Urban,Condo,1,4,837030.8211328128
3505,3,1,1984,Urban,Condo,2,6,1013514.1763065973
3781,2,1,2006,Suburban,House,1,3,883380.159257702
1484,5,1,1991,Urban,Condo,3,5,901604.9039205987
2139,1,1,1996,Urban,House,0,10,619976.349587675
1327,1,2,1985,Urban,House,2,9,564243.628431901
3230,3,1,2012,Rural,Condo,1,3,482019.21421596245
4031,4,2,1984,Suburban,Condo,1,5,995395.1661469054
4951,3,1,2007,Suburban,House,1,8,1197376.8392687275
3435,4,2,1993,Suburban,House,0,6,839085.2957164799
4376,2,3,1984,Suburban,Condo,2,4,1012378.8373635309
626,2,1,2012,Urban,Condo,0,8,375014.9763291427
3677,5,2,2020,Urban,Villa,0,3,1352562.9612869136
3556,4,3,1998,Rural,House,0,3,631249.9678923235
1103,5,1,2001,Suburban,House,3,4,643911.9509733792
3949,1,1,1984,Urban,Villa,3,9,1096545.0856627591
4646,4,1,1981,Urban,House,3,5,1355231.0240085246
4033,3,2,2009,Rural,Apartment,2,8,648011.9959481867
3867,1,2,2018,Rural,House,0,6,493389.5248221015
3868,1,3,1983,Rural,Villa,0,3,564607.8916304995
4297,3,2,2012,Urban,Apartment,3,8,1580711.5459634496
2292,1,2,1992,Urban,Condo,0,9,738461.9068592566
3361,4,1,1999,Rural,Villa,0,8,693322.3441002171
3976,5,1,1986,Suburban,Villa,1,4,1086758.664539451
3917,1,1,1994,Rural,Condo,0,6,506523.1995062957
2145,4,1,2002,Rural,Villa,1,1,491865.7990495313
1705,2,1,1993,Rural,House,0,4,265471.26542437426
3530,4,1,2002,Rural,Condo,2,8,643864.606523082
3372,5,1,1998,Urban,Villa,3,1,1192270.3837031845
3572,4,3,2008,Suburban,Condo,1,3,1002100.0988836435
2354,3,3,1999,Rural,Condo,3,1,521948.4731593074
4521,5,3,2008,Suburban,Condo,1,9,1279435.6632054597
3208,2,3,2003,Suburban,Apartment,1,2,845095.1389291489
4002,3,1,1997,Suburban,Villa,1,9,1044897.2041515736
1832,4,3,1989,Rural,Apartment,2,4,475388.1766222243
701,5,1,2020,Urban,Villa,0,2,689705.5954303723
4007,2,3,1987,Rural,House,1,4,684409.6324329154
4712,3,2,2005,Suburban,House,2,10,1273646.4645100231
1074,2,3,2008,Suburban,House,1,6,479827.6687271626
1036,4,3,1989,Urban,Villa,0,7,682688.3068907163
2125,2,1,1996,Rural,Condo,1,3,378790.3681543877
2622,1,3,1981,Suburban,Condo,2,3,619022.0686763802
885,3,2,1985,Urban,Apartment,0,10,525346.5269845765
3781,2,1,1984,Suburban,Apartment,2,8,761894.3628561844
974,4,1,2007,Urban,House,0,5,621038.2704562412
917,4,3,2020,Urban,Apartment,0,4,738397.3608441678
4100,2,1,1984,Rural,Villa,3,7,576344.0571921582
1454,4,1,1997,Suburban,Villa,3,7,656778.4324860246
1705,5,1,2005,Rural,Apartment,3,9,487023.6660841238
4620,5,1,1999,Suburban,Apartment,0,9,1194873.5408796463
2490,5,1,2020,Rural,Apartment,1,5,636338.0263681677
4072,1,1,2006,Suburban,Apartment,2,8,877828.2804892993
4880,2,2,1991,Rural,House,2,10,721592.610565339
4658,1,3,1986,Urban,House,2,1,1306291.7182822
3213,4,2,1982,Suburban,Apartment,3,9,959862.1650731808
2703,1,1,1989,Suburban,Villa,0,8,654467.2796615533
3620,4,1,2013,Urban,House,3,6,1223564.8569085533
1466,4,3,2004,Rural,Villa,1,3,338389.83652045735
3932,3,2,2014,Suburban,Condo,0,3,923712.774221079
1188,5,3,1995,Suburban,Villa,2,8,669766.9611733656
4743,4,2,1981,Rural,Apartment,3,5,724595.6701673444
4201,3,1,2003,Urban,Condo,3,10,1407689.8238215
841,5,3,1989,Rural,House,1,7,409049.7084328391
2224,4,3,2017,Rural,House,1,5,497172.85610807315
4922,4,1,2001,Rural,Condo,3,8,807310.0650304599
2292,1,3,2005,Suburban,Villa,1,10,642220.928307422
2259,1,2,2022,Urban,House,2,10,816030.710055348
3712,5,2,2018,Urban,Apartment,1,4,1224422.115001104
1489,4,2,2006,Rural,Condo,1,2,384027.9846927567
2762,2,2,2008,Suburban,Apartment,3,3,734838.1153649512
2982,1,1,2017,Rural,Condo,3,8,504632.7077586713
1451,5,3,1999,Suburban,House,0,7,640189.8239495615
1222,4,2,2006,Suburban,Villa,0,2,550884.8749575133
3889,4,1,2020,Suburban,Condo,3,6,1229289.579470854
2579,2,3,1999,Suburban,Condo,1,9,720115.7571989422
3217,5,3,2023,Urban,Apartment,1,4,1387809.8069486173
2832,4,1,1998,Suburban,House,0,9,847292.4906073647
3876,1,1,1999,Suburban,Apartment,0,2,757050.9945891217
2000,2,2,2014,Rural,House,0,2,349193.8631718584
785,5,3,1981,Rural,Apartment,2,9,395639.1564883004
3995,2,3,2009,Urban,Condo,2,7,1358354.5344849313
2565,1,1,2013,Rural,Apartment,0,7,351695.95195217436
1268,5,3,2001,Suburban,Villa,1,1,600889.6634424274
3557,2,2,1982,Rural,House,0,6,596490.0103911251
4789,3,3,1985,Urban,House,2,7,1531710.7346764
2661,1,1,1994,Rural,Condo,1,6,341590.7030524878
3793,1,1,2006,Rural,House,2,6,559630.4061109477
1446,1,2,1989,Urban,Villa,1,2,478750.39239170135
3835,3,2,1988,Urban,Apartment,2,6,1250046.4059660549
4650,3,3,2012,Suburban,Condo,1,4,1214556.7260621644
1981,4,3,2011,Rural,Villa,1,9,554534.2944083649
2401,2,1,1985,Suburban,House,1,1,555777.6573997892
3951,4,2,2020,Rural,House,1,8,771259.8210963579
4564,2,2,2015,Rural,Villa,3,5,826666.6538763945
554,3,2,1981,Suburban,Apartment,2,1,285029.4410284391
2323,3,3,2008,Rural,Apartment,2,4,509969.55814726086
3962,4,2,1983,Rural,Condo,3,1,621491.5583841145
3579,5,1,1980,Rural,House,1,6,584878.9116597794
1332,4,1,1998,Urban,Villa,1,2,639947.835052919
4908,2,3,2005,Suburban,Apartment,2,5,1135230.6867029073
3306,4,3,2004,Urban,Condo,3,7,1307965.7198551323
2990,1,2,1989,Suburban,House,1,2,712687.4655262105
827,2,3,1994,Suburban,House,1,6,476456.885118641
3810,2,1,2001,Rural,Condo,1,6,698002.238934415
3800,5,2,2000,Suburban,Condo,0,5,1137882.6254199562
4175,3,1,2001,Urban,Apartment,3,5,1422525.9095892746
3554,2,2,2015,Urban,Villa,1,3,1106476.4833906281
2643,3,3,2013,Urban,House,0,10,1023523.9708677708
1811,4,2,2009,Suburban,Villa,3,10,741560.3715257259
3691,1,2,2004,Urban,House,1,2,1062291.530372076
3038,5,1,2007,Suburban,House,2,7,974221.325140521
4483,3,1,1980,Urban,Villa,0,1,1164981.5757923007
664,2,2,1983,Urban,Condo,0,6,325946.4456023093
4777,3,3,1986,Suburban,Apartment,1,6,1128801.303017536
1322,2,3,1988,Urban,House,1,3,565637.9644888462
1443,3,1,2015,Rural,Condo,0,2,264398.8254937982
4925,2,3,1998,Suburban,House,2,2,1134556.9232904047
1274,4,1,1980,Suburban,Apartment,2,9,628874.0097567565
2698,2,3,1989,Suburban,House,3,5,652558.207917059
3656,2,2,2015,Rural,Apartment,1,7,545654.4060961443
4742,1,1,1988,Suburban,Apartment,2,5,1002540.4980751529
4195,2,1,2021,Urban,House,3,7,1390073.393683043
3952,1,2,2011,Urban,House,2,4,1107705.363493016
1414,5,1,2011,Urban,Apartment,1,8,746237.969247773
1808,1,3,1985,Suburban,Condo,3,10,661036.2086970375
4677,4,3,2017,Urban,Villa,3,10,1662771.7424042737
1013,1,1,1996,Suburban,Apartment,3,7,346677.6828536194
2420,5,3,1989,Urban,House,2,10,1172452.2436159889
4094,4,1,2006,Rural,House,1,5,667558.3314044621
1909,3,2,2014,Rural,Condo,3,6,431673.51364214026
3690,3,1,2000,Rural,Villa,0,5,543909.9903717956
4991,1,2,2004,Rural,Apartment,1,7,818216.4280463841
2055,1,3,2007,Suburban,Apartment,0,2,576680.6794212641
1304,5,2,1994,Urban,Villa,0,5,769125.8670308591
1779,5,3,1983,Rural,Apartment,3,10,436958.33871327166
4077,2,1,2008,Suburban,Villa,3,3,985969.5947527793
3401,5,3,1988,Rural,House,2,9,751130.0104204734
1887,2,1,2006,Rural,Villa,2,6,316133.3429907417
3261,4,1,2005,Suburban,Apartment,2,10,995915.5066736917
3179,1,2,1998,Suburban,Villa,1,3,751994.6248129344
2606,4,2,2007,Urban,Condo,2,7,1115818.2959296887
4723,5,2,1996,Urban,House,0,4,1466666.5299149887
3268,4,2,2022,Rural,House,2,3,652023.2321541987
